{
    "numPoints": [11, 101, 201, 1001],
    "c++": [1098e-6, 59061e-6, 155228e-6, 3250278e-6],
    "python": [0.0024518966674804688, 0.9254539012908936, 13.361893892288208, 0]
}
